{
    "dem": {
        "max": [
            2431.603515625
        ],
        "mean": [
            174.36840170209004
        ],
        "min": [
            -748.5090942382812
        ],
        "p2": [
            1369.14697265625
        ],
        "std": [
            146.73762457610277
        ]
    },
    "label_max": 53119.0,
    "lcz": {
        "max": [
            17.0
        ],
        "mean": [
            11.492135234839703
        ],
        "min": [
            0.0
        ],
        "p2": [
            17.0
        ],
        "std": [
            3.6028330757286917
        ]
    },
    "lu": {
        "max": [
            1.0,
            1.0,
            1.0,
            1.0
        ],
        "mean": [
            0.0016502880922664115,
            0.0015810418162337757,
            0.004572384350055681,
            0.023548866011080055
        ],
        "min": [
            0.0,
            0.0,
            0.0,
            0.0
        ],
        "p2": [
            0.5078177452087402,
            0.5643428564071655,
            0.37478506565093994,
            0.9266399145126343
        ],
        "std": [
            0.02903583432048709,
            0.030083057666926618,
            0.03138367459092486,
            0.08723838275429852
        ]
    },
    "sen2spring": {
        "max": [
            3479.0,
            3075.0,
            3021.0
        ],
        "mean": [
            861.7946201765,
            975.5381726492761,
            1089.1002338480544
        ],
        "min": [
            0.0,
            0.0,
            0.0
        ],
        "p2": [
            3479.0,
            3075.0,
            3021.0
        ],
        "std": [
            412.41304469444964,
            289.62749918071387,
            251.80214318183124
        ]
    },
    "sen2springNIR": {
        "max": [
            3479.0,
            3075.0,
            3021.0,
            30000.0
        ],
        "mean": [
            861.7946201765,
            975.5381726492761,
            1089.1002338480544,
            2286.9238
        ],
        "min": [
            0.0,
            0.0,
            0.0,
            0.0
        ],
        "p2": [
            3479.0,
            3075.0,
            3021.0,
            8000.0
        ],
        "std": [
            412.41304469444964,
            289.62749918071387,
            251.80214318183124,
            880.8486
        ]
    },
    "sen1": {
        "max": [
            1.0,
            1.0
        ],
        "mean": [
            -11.4260,
            -17.7530
        ],
        "min": [
            0.0, 
            0.0
        ],
        "p2": [
            10000.0,
            10000.0
        ],
        "std": [
            5.5983,
            5.0076
        ]
    },
    "viirs": {
        "max": [
            90.47428894042969
        ],
        "mean": [
            3.3004007463375213
        ],
        "min": [
            0.0
        ],
        "p2": [
            90.47428894042969
        ],
        "std": [
            8.027633699290327
        ]
    }
}